Workbook

Sheet ข้อมูลส่งออก
A1: เดือน | B1: สินค้า | C1: HS Code | D1: ประเทศปลายทาง | E1: ภูมิภาค | F1: จำนวน (กก.) | G1: มูลค่า (USD) | H1: Incoterms | I1: ผู้ซื้อ
A2: 2025-01 | B2: ชิ้นส่วนยานยนต์ | C2: 8708.99 | D2: ญี่ปุ่น | E2: เอเชีย | F2: 11000 | G2: 74616 | H2: FOB Bangkok | I2: Tokyo Import KK
A3: 2025-01 | B3: ชิ้นส่วนยานยนต์ | C3: 8708.99 | D3: เวียดนาม | E3: อาเซียน | F3: 13000 | G3: 84411 | H3: CIF | I3: Saigon Distributors
A4: 2025-01 | B4: ถุงมือยางทางการแพทย์ | C4: 4015.12 | D4: สหรัฐอเมริกา | E4: อเมริกาเหนือ | F4: 12000 | G4: 40036 | H4: FOB Laem Chabang | I4: Pacific Foods Inc.
A5: 2025-01 | B5: ถุงมือยางทางการแพทย์ | C5: 4015.12 | D5: สหรัฐอาหรับเอมิเรตส์ | E5: ตะวันออกกลาง | F5: 4000 | G5: 14382 | H5: FOB Bangkok | I5: Gulf Source LLC
A6: 2025-02 | B6: ข้าวหอมมะลิ 100% | C6: 1006.30 | D6: เกาหลีใต้ | E6: เอเชีย | F6: 12000 | G6: 13767 | H6: FOB Bangkok | I6: Seoul Mart Co.
A7: 2025-02 | B7: สับปะรดกระป๋อง | C7: 2008.20 | D7: สหรัฐอเมริกา | E7: อเมริกาเหนือ | F7: 34000 | G7: 31291 | H7: FOB Bangkok | I7: Pacific Foods Inc.
A8: 2025-02 | B8: ชิ้นส่วนยานยนต์ | C8: 8708.99 | D8: เวียดนาม | E8: อาเซียน | F8: 17000 | G8: 118240 | H8: FOB Laem Chabang | I8: Saigon Distributors
A9: 2025-03 | B9: ข้าวหอมมะลิ 100% | C9: 1006.30 | D9: จีน | E9: เอเชีย | F9: 11000 | G9: 13508 | H9: FOB Laem Chabang | I9: Shanghai Trade Co.
A10: 2025-03 | B10: แป้งมันสำปะหลัง | C10: 1108.14 | D10: เยอรมนี | E10: ยุโรป | F10: 28000 | G10: 14538 | H10: CIF | I10: EuroFood GmbH
A11: 2025-03 | B11: สับปะรดกระป๋อง | C11: 2008.20 | D11: อินเดีย | E11: เอเชีย | F11: 19000 | G11: 18522 | H11: CIF | I11: Mumbai Traders Pvt
A12: 2025-04 | B12: แป้งมันสำปะหลัง | C12: 1108.14 | D12: เนเธอร์แลนด์ | E12: ยุโรป | F12: 6000 | G12: 3074 | H12: FOB Laem Chabang | I12: Rotterdam B.V.
A13: 2025-04 | B13: ถุงมือยางทางการแพทย์ | C13: 4015.12 | D13: เยอรมนี | E13: ยุโรป | F13: 21000 | G13: 74601 | H13: CIF | I13: EuroFood GmbH
... A73: 2026-05 | B73: ถุงมือยางทางการแพทย์ | C73: 4015.12 | D73: สหรัฐอเมริกา | E73: อเมริกาเหนือ | F73: 17000 | G73: 60521 | H73: FOB Bangkok | I73: Pacific Foods Inc.
E74: รวมทั้งหมด | F74: =SUM(F2:F73) -> 1218000 | G74: =SUM(G2:G73) -> 3445601

Sheet สรุปตามตลาด
A1: ประเทศปลายทาง | B1: มูลค่ารวม (USD) | C1: จำนวนชิปเมนต์ | D1: สัดส่วน %
A2: สหรัฐอเมริกา | B2: =SUMIF(ข้อมูลส่งออก!$D$2:$D$73,A2,ข้อมูลส่งออก!$G$2:$G$73) -> 483454 | C2: =COUNTIF(ข้อมูลส่งออก!$D$2:$D$73,A2) -> 9 | D2: =B2/$B$12 -> 0.1403105
A3: จีน | B3: =SUMIF(ข้อมูลส่งออก!$D$2:$D$73,A3,ข้อมูลส่งออก!$G$2:$G$73) -> 620636 | C3: =COUNTIF(ข้อมูลส่งออก!$D$2:$D$73,A3) -> 7 | D3: =B3/$B$12 -> 0.18012416
A4: ญี่ปุ่น | B4: =SUMIF(ข้อมูลส่งออก!$D$2:$D$73,A4,ข้อมูลส่งออก!$G$2:$G$73) -> 604891 | C4: =COUNTIF(ข้อมูลส่งออก!$D$2:$D$73,A4) -> 9 | D4: =B4/$B$12 -> 0.17555457
A5: เยอรมนี | B5: =SUMIF(ข้อมูลส่งออก!$D$2:$D$73,A5,ข้อมูลส่งออก!$G$2:$G$73) -> 329096 | C5: =COUNTIF(ข้อมูลส่งออก!$D$2:$D$73,A5) -> 9 | D5: =B5/$B$12 -> 0.09551193
A6: เนเธอร์แลนด์ | B6: =SUMIF(ข้อมูลส่งออก!$D$2:$D$73,A6,ข้อมูลส่งออก!$G$2:$G$73) -> 251873 | C6: =COUNTIF(ข้อมูลส่งออก!$D$2:$D$73,A6) -> 4 | D6: =B6/$B$12 -> 0.073099874
A7: อินเดีย | B7: =SUMIF(ข้อมูลส่งออก!$D$2:$D$73,A7,ข้อมูลส่งออก!$G$2:$G$73) -> 206537 | C7: =COUNTIF(ข้อมูลส่งออก!$D$2:$D$73,A7) -> 9 | D7: =B7/$B$12 -> 0.059942228
A8: เวียดนาม | B8: =SUMIF(ข้อมูลส่งออก!$D$2:$D$73,A8,ข้อมูลส่งออก!$G$2:$G$73) -> 291916 | C8: =COUNTIF(ข้อมูลส่งออก!$D$2:$D$73,A8) -> 5 | D8: =B8/$B$12 -> 0.084721359
A9: สหรัฐอาหรับเอมิเรตส์ | B9: =SUMIF(ข้อมูลส่งออก!$D$2:$D$73,A9,ข้อมูลส่งออก!$G$2:$G$73) -> 219517 | C9: =COUNTIF(ข้อมูลส่งออก!$D$2:$D$73,A9) -> 8 | D9: =B9/$B$12 -> 0.06370935
A10: ออสเตรเลีย | B10: =SUMIF(ข้อมูลส่งออก!$D$2:$D$73,A10,ข้อมูลส่งออก!$G$2:$G$73) -> 212309 | C10: =COUNTIF(ข้อมูลส่งออก!$D$2:$D$73,A10) -> 5 | D10: =B10/$B$12 -> 0.061617407
A11: เกาหลีใต้ | B11: =SUMIF(ข้อมูลส่งออก!$D$2:$D$73,A11,ข้อมูลส่งออก!$G$2:$G$73) -> 225372 | C11: =COUNTIF(ข้อมูลส่งออก!$D$2:$D$73,A11) -> 7 | D11: =B11/$B$12 -> 0.065408618
A12: รวม | B12: =SUM(B2:B11) -> 3445601 | C12: =SUM(C2:C11) -> 72

Sheet คำอธิบาย
A1: ไฟล์ตัวอย่างข้อมูลส่งออก (สำหรับเดโม AI หาตลาด)
A3: วิธีใช้ในเวิร์กช็อป:
A4: 1) อัปโหลดไฟล์นี้เข้า ChatGPT / Claude (เปิด Web Search)
A5: 2) พิมพ์ Keyword เช่น:
A6: "จากไฟล์ข้อมูลส่งออกนี้ ช่วยวิเคราะห์ Top 5 ตลาดของฉัน และตลาดที่กำลังเติบโตปี 2026"
A7: 3) ลองเปลี่ยน Keyword เพื่อดูผลอีกแบบ เช่น ดูคู่แข่ง / ความเสี่ยงภาษี / สินค้าที่ควรโฟกัส
A9: หมายเหตุ: ข้อมูลนี้เป็นตัวอย่างสมมติ ไม่ใช่ข้อมูลจริง — เปลี่ยนเป็นไฟล์ของธุรกิจคุณได้
